Reference residue number,Secondary Structure Annotation
1, 
2, 
3, 
4, 
5, 
6, 
7, 
8, 
9, 
10, 
11, 
12, 
13, 
14, 
15, 
16, 
17, 
18, 
19, 
20, 
21, 
22, 
23, 
24, 
25,B1
26,B1
27,B1
28, 
29,H1
30,H1
31,H1
32,H1
33,H1
34,H1
35,H1
36,H1
37,H1
38,H1
39, 
40, 
41, 
42,B2
43,B2
44,B2
45,B2
46,B2
47,B2
48,B2
49, 
50, 
51, 
52, 
53,B3
54,B3
55,B3
56,B3
57, 
58, 
59,H2
60,H2
61,H2
62,H2
63,H2
64, 
65, 
66, 
67, 
68, 
69,H3
70,H3
71,H3
72,H3
73,H3
74,H3
75,H3
76,H3
77,H3
78,H3
79,H3
80,H3
81,H3
82,H3
83, 
84, 
85, 
86, 
87, 
88, 
89, 
90, 
91, 
92, 
93, 
94, 
95, 
96, 
97, 
98, 
99, 
100, 
101, 
102, 
103,H4
104,H4
105,H4
106, 
107, 
108, 
109, 
110, 
111,H5
112,H5
113,H5
114,H5
115,H5
116,H5
117, 
118, 
119, 
120,H6
121,H6
122,H6
123,H6
124,H6
125,H6
126,H6
127,H6
128,H6
129,H6
130,H6
131, 
132,H7
133,H7
134,H7
135,H7
136,H7
137,H7
138,H7
139,H7
140,H7
141,H7
142, 
143, 
144, 
145, 
146, 
147, 
148, 
149, 
150, 
151, 
152, 
153, 
154, 
155, 
156,H8
157,H8
158,H8
159,H8
160, 
161, 
162, 
163, 
164, 
165, 
166,H9
167,H9
168,H9
169,H9
170,H9
171,H9
172,H9
173,H9
174,H9
175,H9
176,H9
177,H9
178, 
179, 
180, 
181, 
182, 
183, 
184, 
185,H10
186,H10
187,H10
188,H10
189,H10
190,H10
191,H10
192,H10
193,H10
194,H10
195, 
196,B4
197,B4
198,B4
199,B4
200, 
201, 
202, 
203, 
204,B5
205,B5
206,B5
207,B5
208,B5
209,B5
210,B5
211,B5
212,B5
213, 
214, 
215, 
216, 
217, 
218, 
219,B6
220,B6
221,B6
222,B6
223,B6
224,B6
225,B6
226,B6
227,B6
228, 
229, 
230, 
231, 
232,B7
233,B7
234,B7
235,B7
236,B7
237,B7
238,B7
239,B7
240,B7
241, 
242, 
243, 
244, 
245,H11
246,H11
247,H11
248,H11
249,H11
250,H11
251,H11
252,H11
253,H11
254,H11
255,H11
256,H11
257,H11
258,H11
259,H11
260,H11
261, 
262, 
263, 
264, 
265, 
